"";"X";"geo";"nom_geo";"annee";"poll_mil_dbo5";"poll_mil_nh4";"poll_mil_pt"
"1";1;"09";"Ariège";1970;10,6;1,4;0,5
"2";2;"09";"Ariège";1971;10,5;1,4;0,5
"3";3;"09";"Ariège";1972;10,5;1,4;0,5
"4";4;"09";"Ariège";1973;10,4;1,4;0,5
"5";5;"09";"Ariège";1974;10,4;1,4;0,5
"6";6;"09";"Ariège";1975;10,4;1,4;0,5
"7";7;"09";"Ariège";1976;10,2;1,3;0,5
"8";8;"09";"Ariège";1977;10,2;1,3;0,5
"9";9;"09";"Ariège";1978;9,8;1,3;0,5
"10";10;"09";"Ariège";1979;9,8;1,3;0,5
"11";11;"09";"Ariège";1980;9,6;1,2;0,5
"12";12;"09";"Ariège";1981;9,6;1,2;0,5
"13";13;"09";"Ariège";1982;9,5;1,2;0,5
"14";14;"09";"Ariège";1983;9,5;1,2;0,5
"15";15;"09";"Ariège";1984;9,5;1,2;0,5
"16";16;"09";"Ariège";1985;9,5;1,2;0,5
"17";17;"09";"Ariège";1986;9,5;1,2;0,5
"18";18;"09";"Ariège";1987;10,3;1,2;0,5
"19";19;"09";"Ariège";1988;10,4;1,2;0,5
"20";20;"09";"Ariège";1989;10,5;1,2;0,5
"21";21;"09";"Ariège";1990;8,5;1,1;0,4
"22";22;"09";"Ariège";1991;9,8;1,1;0,5
"23";23;"09";"Ariège";1992;10;1,2;0,5
"24";24;"09";"Ariège";1993;8,3;1,1;0,4
"25";25;"09";"Ariège";1994;7,9;1,1;0,4
"26";26;"09";"Ariège";1995;7,7;1;0,4
"27";27;"09";"Ariège";1996;7,9;1;0,4
"28";28;"09";"Ariège";1997;8,4;1;0,4
"29";29;"09";"Ariège";1998;7;0,7;0,2
"30";30;"09";"Ariège";1999;5,8;0,5;0,2
"31";31;"09";"Ariège";2000;4,8;0,3;0,2
"32";32;"09";"Ariège";2001;6,5;0,5;0,3
"33";33;"09";"Ariège";2002;6,8;0,6;0,3
"34";34;"09";"Ariège";2003;6,3;0,5;0,2
"35";35;"09";"Ariège";2004;4,6;0,2;0,2
"36";36;"09";"Ariège";2005;3,9;0,3;0,2
"37";37;"09";"Ariège";2006;4,2;0,3;0,2
"38";38;"09";"Ariège";2007;3,4;0,2;0,2
"39";39;"09";"Ariège";2008;2,9;0,4;0,2
"40";40;"09";"Ariège";2009;3,6;0,6;0,2
"41";41;"09";"Ariège";2010;3,8;0,6;0,2
"42";42;"09";"Ariège";2011;3,4;0,5;0,2
"43";43;"09";"Ariège";2012;3;0,5;0,2
"44";44;"09";"Ariège";2013;2,7;0,6;0,2
"45";45;"09";"Ariège";2014;2,9;0,6;0,2
"46";46;"09";"Ariège";2015;3,1;0,6;0,1
"47";47;"09";"Ariège";2016;3,5;0,5;0,1
"95";97;"12";"Aveyron";1970;15,5;2,4;0,9
"96";98;"12";"Aveyron";1971;15,6;2,4;0,9
"97";99;"12";"Aveyron";1972;15,6;2,4;0,9
"98";100;"12";"Aveyron";1973;15,6;2,4;0,9
"99";101;"12";"Aveyron";1974;15,6;2,4;0,9
"100";102;"12";"Aveyron";1975;15,6;2,4;0,9
"101";103;"12";"Aveyron";1976;12;1,9;0,7
"102";104;"12";"Aveyron";1977;12;1,9;0,7
"103";105;"12";"Aveyron";1978;11,9;1,9;0,7
"104";106;"12";"Aveyron";1979;11,6;1,8;0,7
"105";107;"12";"Aveyron";1980;11,6;1,8;0,7
"106";108;"12";"Aveyron";1981;11,6;1,8;0,7
"107";109;"12";"Aveyron";1982;6,2;0,9;0,4
"108";110;"12";"Aveyron";1983;6;0,8;0,4
"109";111;"12";"Aveyron";1984;5,9;0,8;0,4
"110";112;"12";"Aveyron";1985;5,6;0,8;0,4
"111";113;"12";"Aveyron";1986;5,6;0,8;0,4
"112";114;"12";"Aveyron";1987;7,2;0,8;0,3
"113";115;"12";"Aveyron";1988;5,8;0,7;0,3
"114";116;"12";"Aveyron";1989;4,7;0,6;0,3
"115";117;"12";"Aveyron";1990;5;0,6;0,3
"116";118;"12";"Aveyron";1991;3,7;0,5;0,3
"117";119;"12";"Aveyron";1992;3,3;0,5;0,3
"118";120;"12";"Aveyron";1993;2,4;0,4;0,3
"119";121;"12";"Aveyron";1994;2,8;0,3;0,3
"120";122;"12";"Aveyron";1995;2,3;0,2;0,3
"121";123;"12";"Aveyron";1996;2,9;0,2;0,3
"122";124;"12";"Aveyron";1997;2,4;0,2;0,3
"123";125;"12";"Aveyron";1998;1;0,1;0,1
"124";126;"12";"Aveyron";1999;1;0,1;0,1
"125";127;"12";"Aveyron";2000;1;0,1;0,1
"126";128;"12";"Aveyron";2001;1;0,1;0,1
"127";129;"12";"Aveyron";2002;1;0,1;0,1
"128";130;"12";"Aveyron";2003;1;0,1;0,1
"129";131;"12";"Aveyron";2004;1;0,1;0,1
"130";132;"12";"Aveyron";2005;1,5;0,1;0,2
"131";133;"12";"Aveyron";2006;2,2;0,2;0,2
"132";134;"12";"Aveyron";2007;1,5;0,1;0,2
"133";135;"12";"Aveyron";2008;5,9;0,2;0,2
"134";136;"12";"Aveyron";2009;1,5;0,2;0,2
"135";137;"12";"Aveyron";2010;1,7;0,3;0,2
"136";138;"12";"Aveyron";2011;1,7;0,3;0,2
"137";139;"12";"Aveyron";2012;2;0,3;0,2
"138";140;"12";"Aveyron";2013;2,4;0,3;0,2
"139";141;"12";"Aveyron";2014;2,2;0,3;0,1
"140";142;"12";"Aveyron";2015;2,4;0,3;0,2
"141";143;"12";"Aveyron";2016;3,4;0,4;0,2
"142";145;"15";"Cantal";1970;6,8;1,1;0,4
"143";146;"15";"Cantal";1971;6,8;1,1;0,4
"144";147;"15";"Cantal";1972;6,5;1;0,4
"145";148;"15";"Cantal";1973;6,3;1;0,4
"146";149;"15";"Cantal";1974;6,2;1;0,4
"147";150;"15";"Cantal";1975;5,9;0,9;0,4
"148";151;"15";"Cantal";1976;5,7;0,9;0,4
"149";152;"15";"Cantal";1977;5,7;0,9;0,4
"150";153;"15";"Cantal";1978;5,4;0,9;0,4
"151";154;"15";"Cantal";1979;4,4;0,7;0,3
"152";155;"15";"Cantal";1980;4,3;0,7;0,3
"153";156;"15";"Cantal";1981;4,3;0,7;0,3
"154";157;"15";"Cantal";1982;3,9;0,6;0,3
"155";158;"15";"Cantal";1983;3,7;0,6;0,3
"156";159;"15";"Cantal";1984;3,7;0,6;0,3
"157";160;"15";"Cantal";1985;3,7;0,6;0,3
"158";161;"15";"Cantal";1986;3,6;0,6;0,3
"159";162;"15";"Cantal";1987;3,5;0,6;0,3
"160";163;"15";"Cantal";1988;3,4;0,6;0,3
"161";164;"15";"Cantal";1989;3,3;0,6;0,3
"162";165;"15";"Cantal";1990;3,3;0,6;0,3
"163";166;"15";"Cantal";1991;3,2;0,6;0,3
"164";167;"15";"Cantal";1992;3,2;0,5;0,3
"165";168;"15";"Cantal";1993;3,2;0,5;0,3
"166";169;"15";"Cantal";1994;2,1;0,4;0,2
"167";170;"15";"Cantal";1995;2,8;0,4;0,2
"168";171;"15";"Cantal";1996;2,4;0,4;0,2
"169";172;"15";"Cantal";1997;2,2;0,4;0,2
"170";173;"15";"Cantal";1998;2,1;0,4;0,2
"171";174;"15";"Cantal";1999;2,2;0,4;0,2
"172";175;"15";"Cantal";2000;2,5;0,5;0,2
"173";176;"15";"Cantal";2001;1,4;0,3;0,1
"174";177;"15";"Cantal";2002;1,5;0,3;0,1
"175";178;"15";"Cantal";2003;1,8;0,3;0,1
"176";179;"15";"Cantal";2004;1,8;0,4;0,1
"177";180;"15";"Cantal";2005;1,5;0,3;0,1
"178";181;"15";"Cantal";2006;1,6;0,3;0,1
"179";182;"15";"Cantal";2007;1,4;0,3;0,1
"180";183;"15";"Cantal";2008;2;0,4;0,1
"181";184;"15";"Cantal";2009;1,7;0,3;0,1
"182";185;"15";"Cantal";2010;1,9;0,4;0,1
"183";186;"15";"Cantal";2011;1,7;0,4;0,1
"184";187;"15";"Cantal";2012;1,5;0,3;0,1
"185";188;"15";"Cantal";2013;1,2;0,3;0,1
"186";189;"15";"Cantal";2014;1,7;0,3;0,1
"187";190;"15";"Cantal";2015;1,3;0,3;0,1
"188";191;"15";"Cantal";2016;1,5;0,3;0,1
"189";193;"16";"Charente";1970;11,3;1,9;0,7
"190";194;"16";"Charente";1971;11,3;1,9;0,7
"191";195;"16";"Charente";1972;11,2;1,9;0,7
"192";196;"16";"Charente";1973;10,7;1,8;0,7
"193";197;"16";"Charente";1974;10,7;1,8;0,7
"194";198;"16";"Charente";1975;10,6;1,8;0,7
"195";199;"16";"Charente";1976;10,7;1,8;0,7
"196";200;"16";"Charente";1977;9,8;1,6;0,6
"197";201;"16";"Charente";1978;9,5;1,6;0,6
"198";202;"16";"Charente";1979;9,5;1,6;0,6
"199";203;"16";"Charente";1980;9,5;1,6;0,6
"200";204;"16";"Charente";1981;9,4;1,6;0,6
"201";205;"16";"Charente";1982;8,7;1,5;0,6
"202";206;"16";"Charente";1983;8,6;1,4;0,6
"203";207;"16";"Charente";1984;8,3;1,4;0,5
"204";208;"16";"Charente";1985;8,3;1,4;0,5
"205";209;"16";"Charente";1986;8,2;1,4;0,5
"206";210;"16";"Charente";1987;7,7;1,3;0,5
"207";211;"16";"Charente";1988;8;1,3;0,5
"208";212;"16";"Charente";1989;8,1;1,3;0,5
"209";213;"16";"Charente";1990;8,2;1,3;0,5
"210";214;"16";"Charente";1991;8,1;1,4;0,5
"211";215;"16";"Charente";1992;8;1,4;0,5
"212";216;"16";"Charente";1993;7,6;1,3;0,4
"213";217;"16";"Charente";1994;7,7;1,2;0,4
"214";218;"16";"Charente";1995;7,4;1,2;0,4
"215";219;"16";"Charente";1996;5,7;0,8;0,3
"216";220;"16";"Charente";1997;4,1;0,5;0,2
"217";221;"16";"Charente";1998;4,7;0,6;0,3
"218";222;"16";"Charente";1999;3,8;0,4;0,2
"219";223;"16";"Charente";2000;2,8;0,3;0,2
"220";224;"16";"Charente";2001;2,9;0,3;0,2
"221";225;"16";"Charente";2002;2,6;0,5;0,2
"222";226;"16";"Charente";2003;3;0,5;0,2
"223";227;"16";"Charente";2004;1,5;0,2;0,1
"224";228;"16";"Charente";2005;1,3;0,3;0,1
"225";229;"16";"Charente";2006;2;0,4;0,2
"226";230;"16";"Charente";2007;2,8;0,6;0,2
"227";231;"16";"Charente";2008;2,8;0,6;0,1
"228";232;"16";"Charente";2009;1,7;0,3;0,1
"229";233;"16";"Charente";2010;2,3;0,4;0,1
"230";234;"16";"Charente";2011;2,5;0,4;0,1
"231";235;"16";"Charente";2012;2,4;0,4;0,1
"232";236;"16";"Charente";2013;1,5;0,3;0,1
"233";237;"16";"Charente";2014;1,4;0,3;0,1
"234";238;"16";"Charente";2015;1,8;0,3;0,1
"235";239;"16";"Charente";2016;2,2;0,4;0,1
"236";241;"17";"Charente-Maritime";1970;17,4;3,2;1,2
"237";242;"17";"Charente-Maritime";1971;16,3;3;1,1
"238";243;"17";"Charente-Maritime";1972;16,3;3;1,1
"239";244;"17";"Charente-Maritime";1973;16,2;3;1,1
"240";245;"17";"Charente-Maritime";1974;15,8;2,9;1,1
"241";246;"17";"Charente-Maritime";1975;14,2;2,6;1
"242";247;"17";"Charente-Maritime";1976;9,9;1,9;0,8
"243";248;"17";"Charente-Maritime";1977;9,5;1,8;0,8
"244";249;"17";"Charente-Maritime";1978;9,5;1,8;0,8
"245";250;"17";"Charente-Maritime";1979;9,2;1,8;0,8
"246";251;"17";"Charente-Maritime";1980;9,2;1,8;0,8
"247";252;"17";"Charente-Maritime";1981;9,1;1,8;0,8
"248";253;"17";"Charente-Maritime";1982;7,8;1,5;0,7
"249";254;"17";"Charente-Maritime";1983;7,7;1,5;0,7
"250";255;"17";"Charente-Maritime";1984;7,8;1,5;0,7
"251";256;"17";"Charente-Maritime";1985;7,8;1,5;0,7
"252";257;"17";"Charente-Maritime";1986;6,4;1,2;0,6
"253";258;"17";"Charente-Maritime";1987;7,3;1,3;0,7
"254";259;"17";"Charente-Maritime";1988;7,1;1,3;0,7
"255";260;"17";"Charente-Maritime";1989;8,1;1,4;0,6
"256";261;"17";"Charente-Maritime";1990;6,8;1,3;0,6
"257";262;"17";"Charente-Maritime";1991;6,7;1,3;0,6
"258";263;"17";"Charente-Maritime";1992;5,4;1,1;0,5
"259";264;"17";"Charente-Maritime";1993;7,4;1,4;0,6
"260";265;"17";"Charente-Maritime";1994;6,2;1,3;0,6
"261";266;"17";"Charente-Maritime";1995;8,2;1,6;0,6
"262";267;"17";"Charente-Maritime";1996;8,1;1,6;0,6
"263";268;"17";"Charente-Maritime";1997;9,2;1,8;0,6
"264";269;"17";"Charente-Maritime";1998;8,6;1,7;0,6
"265";270;"17";"Charente-Maritime";1999;8;1,6;0,6
"266";271;"17";"Charente-Maritime";2000;7,7;1,5;0,5
"267";272;"17";"Charente-Maritime";2001;7,5;1,5;0,5
"268";273;"17";"Charente-Maritime";2002;7;1,4;0,5
"269";274;"17";"Charente-Maritime";2003;6,7;1,4;0,5
"270";275;"17";"Charente-Maritime";2004;6,2;1,2;0,5
"271";276;"17";"Charente-Maritime";2005;5,6;1,1;0,4
"272";277;"17";"Charente-Maritime";2006;4,5;0,9;0,4
"273";278;"17";"Charente-Maritime";2007;5,6;1,1;0,4
"274";279;"17";"Charente-Maritime";2008;4,8;1,1;0,4
"275";280;"17";"Charente-Maritime";2009;4,7;1,1;0,4
"276";281;"17";"Charente-Maritime";2010;6,2;1,3;0,4
"277";282;"17";"Charente-Maritime";2011;6,7;1,5;0,4
"278";283;"17";"Charente-Maritime";2012;6,3;1,4;0,4
"279";284;"17";"Charente-Maritime";2013;7,1;1,5;0,4
"280";285;"17";"Charente-Maritime";2014;7,1;1,5;0,4
"281";286;"17";"Charente-Maritime";2015;7,3;1,6;0,3
"282";287;"17";"Charente-Maritime";2016;7,3;1,6;0,3
"283";289;"19";"Corrèze";1970;17,3;2,2;0,7
"284";290;"19";"Corrèze";1971;17,4;2,2;0,7
"285";291;"19";"Corrèze";1972;17,4;2,2;0,7
"286";292;"19";"Corrèze";1973;17,4;2,2;0,7
"287";293;"19";"Corrèze";1974;17,2;2,2;0,7
"288";294;"19";"Corrèze";1975;15;1,7;0,6
"289";295;"19";"Corrèze";1976;14,9;1,7;0,6
"290";296;"19";"Corrèze";1977;14,8;1,7;0,6
"291";297;"19";"Corrèze";1978;14,7;1,7;0,6
"292";298;"19";"Corrèze";1979;14,6;1,7;0,6
"293";299;"19";"Corrèze";1980;13,3;1,5;0,5
"294";300;"19";"Corrèze";1981;13,3;1,5;0,5
"295";301;"19";"Corrèze";1982;13,3;1,5;0,5
"296";302;"19";"Corrèze";1983;13,2;1,5;0,5
"297";303;"19";"Corrèze";1984;13,2;1,5;0,5
"298";304;"19";"Corrèze";1985;13,1;1,5;0,5
"299";305;"19";"Corrèze";1986;13,1;1,5;0,5
"300";306;"19";"Corrèze";1987;11,8;1,4;0,5
"301";307;"19";"Corrèze";1988;11,1;1,4;0,5
"302";308;"19";"Corrèze";1989;11,6;1,3;0,5
"303";309;"19";"Corrèze";1990;11,8;1,3;0,5
"304";310;"19";"Corrèze";1991;13,8;1,4;0,5
"305";311;"19";"Corrèze";1992;13,4;1,3;0,4
"306";312;"19";"Corrèze";1993;12,1;1,3;0,4
"307";313;"19";"Corrèze";1994;11,3;1,1;0,4
"308";314;"19";"Corrèze";1995;9,9;1,1;0,3
"309";315;"19";"Corrèze";1996;8,8;0,9;0,3
"310";316;"19";"Corrèze";1997;9;1;0,4
"311";317;"19";"Corrèze";1998;8,8;0,9;0,4
"312";318;"19";"Corrèze";1999;9,2;1;0,3
"313";319;"19";"Corrèze";2000;7,6;0,8;0,4
"314";320;"19";"Corrèze";2001;9,7;1,1;0,4
"315";321;"19";"Corrèze";2002;9,4;1,1;0,3
"316";322;"19";"Corrèze";2003;9,6;1,1;0,3
"317";323;"19";"Corrèze";2004;9,9;1;0,3
"318";324;"19";"Corrèze";2005;10,5;1;0,3
"319";325;"19";"Corrèze";2006;10,3;1;0,3
"320";326;"19";"Corrèze";2007;8,6;0,8;0,2
"321";327;"19";"Corrèze";2008;9,4;0,8;0,2
"322";328;"19";"Corrèze";2009;6,1;0,6;0,2
"323";329;"19";"Corrèze";2010;5,8;0,6;0,1
"324";330;"19";"Corrèze";2011;6,6;0,7;0,1
"325";331;"19";"Corrèze";2012;5,3;0,6;0,1
"326";332;"19";"Corrèze";2013;3,2;0,4;0,1
"327";333;"19";"Corrèze";2014;4,8;0,7;0,1
"328";334;"19";"Corrèze";2015;5,5;0,8;0,1
"329";335;"19";"Corrèze";2016;5;0,5;0,1
"377";385;"24";"Dordogne";1970;12,4;2;0,7
"378";386;"24";"Dordogne";1971;12,3;2;0,7
"379";387;"24";"Dordogne";1972;12,3;2;0,7
"380";388;"24";"Dordogne";1973;12,3;2;0,7
"381";389;"24";"Dordogne";1974;12,3;2;0,7
"382";390;"24";"Dordogne";1975;11,4;1,9;0,7
"383";391;"24";"Dordogne";1976;11,3;1,8;0,7
"384";392;"24";"Dordogne";1977;11;1,8;0,7
"385";393;"24";"Dordogne";1978;10,6;1,7;0,7
"386";394;"24";"Dordogne";1979;10,3;1,7;0,7
"387";395;"24";"Dordogne";1980;10,2;1,7;0,7
"388";396;"24";"Dordogne";1981;10,2;1,7;0,7
"389";397;"24";"Dordogne";1982;9,8;1,6;0,7
"390";398;"24";"Dordogne";1983;9,4;1,6;0,6
"391";399;"24";"Dordogne";1984;9,4;1,6;0,6
"392";400;"24";"Dordogne";1985;9,4;1,6;0,6
"393";401;"24";"Dordogne";1986;9,4;1,6;0,6
"394";402;"24";"Dordogne";1987;9,4;1,7;0,6
"395";403;"24";"Dordogne";1988;9,3;1,7;0,6
"396";404;"24";"Dordogne";1989;8,8;1,6;0,6
"397";405;"24";"Dordogne";1990;9;1,5;0,6
"398";406;"24";"Dordogne";1991;9,1;1,5;0,6
"399";407;"24";"Dordogne";1992;8,4;1,4;0,5
"400";408;"24";"Dordogne";1993;4,9;0,9;0,4
"401";409;"24";"Dordogne";1994;5,1;0,9;0,4
"402";410;"24";"Dordogne";1995;4,5;0,9;0,4
"403";411;"24";"Dordogne";1996;3,9;0,7;0,3
"404";412;"24";"Dordogne";1997;5,9;1;0,3
"405";413;"24";"Dordogne";1998;5,9;1;0,3
"406";414;"24";"Dordogne";1999;6,1;1;0,3
"407";415;"24";"Dordogne";2000;4,9;0,8;0,3
"408";416;"24";"Dordogne";2001;5,1;0,9;0,3
"409";417;"24";"Dordogne";2002;3,7;0,7;0,3
"410";418;"24";"Dordogne";2003;2,9;0,6;0,2
"411";419;"24";"Dordogne";2004;2,5;0,5;0,2
"412";420;"24";"Dordogne";2005;2,9;0,6;0,2
"413";421;"24";"Dordogne";2006;1,6;0,4;0,2
"414";422;"24";"Dordogne";2007;2;0,4;0,2
"415";423;"24";"Dordogne";2008;2,9;0,5;0,2
"416";424;"24";"Dordogne";2009;2,9;0,6;0,2
"417";425;"24";"Dordogne";2010;3,3;0,7;0,2
"418";426;"24";"Dordogne";2011;3,7;0,7;0,2
"419";427;"24";"Dordogne";2012;3,3;0,6;0,2
"420";428;"24";"Dordogne";2013;3,1;0,6;0,2
"421";429;"24";"Dordogne";2014;3,2;0,6;0,2
"422";430;"24";"Dordogne";2015;3;0,4;0,1
"423";431;"24";"Dordogne";2016;3,4;0,4;0,2
"471";481;"31";"Haute-Garonne";1970;39,3;6,1;3,1
"472";482;"31";"Haute-Garonne";1971;38,7;6;3,1
"473";483;"31";"Haute-Garonne";1972;38,4;6;3,1
"474";484;"31";"Haute-Garonne";1973;38,7;6;3,1
"475";485;"31";"Haute-Garonne";1974;39,3;6,1;3,2
"476";486;"31";"Haute-Garonne";1975;39,2;6,2;3,2
"477";487;"31";"Haute-Garonne";1976;38,7;6,1;3,2
"478";488;"31";"Haute-Garonne";1977;38,6;6,1;3,2
"479";489;"31";"Haute-Garonne";1978;38,7;6,1;3,2
"480";490;"31";"Haute-Garonne";1979;38,9;6,2;3,2
"481";491;"31";"Haute-Garonne";1980;38,6;6,1;3,2
"482";492;"31";"Haute-Garonne";1981;38,8;6,2;3,2
"483";493;"31";"Haute-Garonne";1982;38,9;6,2;3,2
"484";494;"31";"Haute-Garonne";1983;39,1;6,3;3,3
"485";495;"31";"Haute-Garonne";1984;39,6;6,4;3,3
"486";496;"31";"Haute-Garonne";1985;38,9;6,3;3,3
"487";497;"31";"Haute-Garonne";1986;39,3;6,4;3,3
"488";498;"31";"Haute-Garonne";1987;40,2;6,5;3,6
"489";499;"31";"Haute-Garonne";1988;40,9;6,6;3,4
"490";500;"31";"Haute-Garonne";1989;28,2;5;3,3
"491";501;"31";"Haute-Garonne";1990;28,2;5,1;3,5
"492";502;"31";"Haute-Garonne";1991;29,3;5,2;3,2
"493";503;"31";"Haute-Garonne";1992;28,8;5,4;3,2
"494";504;"31";"Haute-Garonne";1993;27,7;5,2;3,3
"495";505;"31";"Haute-Garonne";1994;27,4;5,3;3,3
"496";506;"31";"Haute-Garonne";1995;24,3;4,8;2,3
"497";507;"31";"Haute-Garonne";1996;26,6;5;2,2
"498";508;"31";"Haute-Garonne";1997;27,1;5;2,1
"499";509;"31";"Haute-Garonne";1998;27,5;5,1;2,1
"500";510;"31";"Haute-Garonne";1999;27,3;5,1;2,1
"501";511;"31";"Haute-Garonne";2000;22,4;4,3;1,9
"502";512;"31";"Haute-Garonne";2001;25,6;4,6;1,9
"503";513;"31";"Haute-Garonne";2002;27,8;4,9;1,9
"504";514;"31";"Haute-Garonne";2003;26,6;4,9;1,8
"505";515;"31";"Haute-Garonne";2004;25,8;4,9;1,8
"506";516;"31";"Haute-Garonne";2005;26,2;5;1,8
"507";517;"31";"Haute-Garonne";2006;28,3;5,3;1,8
"508";518;"31";"Haute-Garonne";2007;29,1;5,5;1,8
"509";519;"31";"Haute-Garonne";2008;23,6;4,9;1,5
"510";520;"31";"Haute-Garonne";2009;24,7;5,2;1,5
"511";521;"31";"Haute-Garonne";2010;23,7;5,1;1,4
"512";522;"31";"Haute-Garonne";2011;25,5;5,3;1,4
"513";523;"31";"Haute-Garonne";2012;19,9;4,5;1,3
"514";524;"31";"Haute-Garonne";2013;18,7;4,3;1,2
"515";525;"31";"Haute-Garonne";2014;18,3;4,2;1,2
"516";526;"31";"Haute-Garonne";2015;20,6;4,5;1,2
"517";527;"31";"Haute-Garonne";2016;21,4;4,5;1,4
"518";529;"32";"Gers";1970;6,8;1,2;0,4
"519";530;"32";"Gers";1971;6,8;1,2;0,4
"520";531;"32";"Gers";1972;6,8;1,2;0,4
"521";532;"32";"Gers";1973;6,8;1,2;0,4
"522";533;"32";"Gers";1974;6,4;1,1;0,4
"523";534;"32";"Gers";1975;6,4;1,1;0,4
"524";535;"32";"Gers";1976;6,2;1,1;0,4
"525";536;"32";"Gers";1977;6,2;1,1;0,4
"526";537;"32";"Gers";1978;6,2;1,1;0,4
"527";538;"32";"Gers";1979;5,4;0,9;0,3
"528";539;"32";"Gers";1980;4,7;0,8;0,3
"529";540;"32";"Gers";1981;4,6;0,8;0,3
"530";541;"32";"Gers";1982;4,5;0,8;0,3
"531";542;"32";"Gers";1983;4,4;0,8;0,3
"532";543;"32";"Gers";1984;4,3;0,8;0,3
"533";544;"32";"Gers";1985;4,3;0,8;0,3
"534";545;"32";"Gers";1986;4,2;0,7;0,3
"535";546;"32";"Gers";1987;3,9;0,7;0,3
"536";547;"32";"Gers";1988;3,9;0,7;0,3
"537";548;"32";"Gers";1989;3,8;0,7;0,3
"538";549;"32";"Gers";1990;4;0,7;0,3
"539";550;"32";"Gers";1991;4,1;0,7;0,3
"540";551;"32";"Gers";1992;3,8;0,7;0,3
"541";552;"32";"Gers";1993;3,8;0,7;0,2
"542";553;"32";"Gers";1994;3,6;0,6;0,2
"543";554;"32";"Gers";1995;3,4;0,6;0,2
"544";555;"32";"Gers";1996;3,1;0,6;0,2
"545";556;"32";"Gers";1997;2,7;0,5;0,2
"546";557;"32";"Gers";1998;2,1;0,4;0,2
"547";558;"32";"Gers";1999;2,6;0,5;0,2
"548";559;"32";"Gers";2000;2,6;0,5;0,2
"549";560;"32";"Gers";2001;2,3;0,3;0,1
"550";561;"32";"Gers";2002;2,2;0,3;0,1
"551";562;"32";"Gers";2003;2,2;0,3;0,1
"552";563;"32";"Gers";2004;2,5;0,3;0,1
"553";564;"32";"Gers";2005;2,7;0,4;0,1
"554";565;"32";"Gers";2006;2,3;0,3;0,1
"555";566;"32";"Gers";2007;2,7;0,4;0,1
"556";567;"32";"Gers";2008;3,3;0,4;0,1
"557";568;"32";"Gers";2009;2,7;0,4;0,1
"558";569;"32";"Gers";2010;2,7;0,4;0,1
"559";570;"32";"Gers";2011;2,7;0,4;0,1
"560";571;"32";"Gers";2012;2,5;0,4;0,1
"561";572;"32";"Gers";2013;2,3;0,3;0,1
"562";573;"32";"Gers";2014;2;0,3;0,1
"563";574;"32";"Gers";2015;2,7;0,4;0,1
"564";575;"32";"Gers";2016;2,7;0,4;0,1
"565";577;"33";"Gironde";1970;62,5;10,4;3,8
"566";578;"33";"Gironde";1971;62,3;10,4;3,8
"567";579;"33";"Gironde";1972;62,5;10,4;3,8
"568";580;"33";"Gironde";1973;59,9;9,9;3,7
"569";581;"33";"Gironde";1974;48,6;8,3;3,4
"570";582;"33";"Gironde";1975;47,7;8,1;3,4
"571";583;"33";"Gironde";1976;46,9;8;3,4
"572";584;"33";"Gironde";1977;44,4;7,8;3,2
"573";585;"33";"Gironde";1978;44,3;7,8;3,3
"574";586;"33";"Gironde";1979;42,9;7,7;3,2
"575";587;"33";"Gironde";1980;42;7,6;3,2
"576";588;"33";"Gironde";1981;40,2;7,4;3,1
"577";589;"33";"Gironde";1982;39,8;7,4;3,1
"578";590;"33";"Gironde";1983;39,6;7,4;3,1
"579";591;"33";"Gironde";1984;39,7;7,4;3,1
"580";592;"33";"Gironde";1985;40;7,5;3,1
"581";593;"33";"Gironde";1986;40,5;7,6;3,1
"582";594;"33";"Gironde";1987;40,5;7,8;3,5
"583";595;"33";"Gironde";1988;41,2;7,8;3,1
"584";596;"33";"Gironde";1989;41,6;7,9;3,1
"585";597;"33";"Gironde";1990;42,2;7,9;3,1
"586";598;"33";"Gironde";1991;43,7;8;3,1
"587";599;"33";"Gironde";1992;43,4;8,1;3
"588";600;"33";"Gironde";1993;42,1;8;2,9
"589";601;"33";"Gironde";1994;40,6;7,9;2,8
"590";602;"33";"Gironde";1995;40,8;7,9;2,7
"591";603;"33";"Gironde";1996;40,6;7,8;2,6
"592";604;"33";"Gironde";1997;38,2;7,5;2,5
"593";605;"33";"Gironde";1998;39,3;7,6;2,6
"594";606;"33";"Gironde";1999;37,3;7,5;2,4
"595";607;"33";"Gironde";2000;38,6;7,7;2,4
"596";608;"33";"Gironde";2001;38,1;7,6;2,3
"597";609;"33";"Gironde";2002;35,1;7,4;2,2
"598";610;"33";"Gironde";2003;32,5;7;2,2
"599";611;"33";"Gironde";2004;31,2;6,8;2,1
"600";612;"33";"Gironde";2005;28,7;6,7;2,1
"601";613;"33";"Gironde";2006;28,5;6,6;2
"602";614;"33";"Gironde";2007;25;5,7;2,1
"603";615;"33";"Gironde";2008;24,7;5,5;2
"604";616;"33";"Gironde";2009;22,4;5,5;1,9
"605";617;"33";"Gironde";2010;21,9;5,5;1,8
"606";618;"33";"Gironde";2011;24,7;6;1,8
"607";619;"33";"Gironde";2012;23,8;5,9;1,8
"608";620;"33";"Gironde";2013;24,3;5,9;1,7
"609";621;"33";"Gironde";2014;22,8;5,7;1,6
"610";622;"33";"Gironde";2015;23,6;5,8;1,6
"611";623;"33";"Gironde";2016;24,6;6;1,6
"659";673;"40";"Landes";1970;23;3,1;1
"660";674;"40";"Landes";1971;22,5;3;1
"661";675;"40";"Landes";1972;22,5;3;1
"662";676;"40";"Landes";1973;21,9;2,9;1
"663";677;"40";"Landes";1974;21,6;2,9;1
"664";678;"40";"Landes";1975;19,9;2,6;1
"665";679;"40";"Landes";1976;19,6;2,6;1
"666";680;"40";"Landes";1977;18,9;2,5;1
"667";681;"40";"Landes";1978;18,4;2,4;0,9
"668";682;"40";"Landes";1979;18,1;2,4;0,9
"669";683;"40";"Landes";1980;18;2,3;0,9
"670";684;"40";"Landes";1981;18;2,4;0,9
"671";685;"40";"Landes";1982;18;2,4;0,9
"672";686;"40";"Landes";1983;18;2,4;1
"673";687;"40";"Landes";1984;18;2,4;1
"674";688;"40";"Landes";1985;17,9;2,4;1
"675";689;"40";"Landes";1986;17,7;2,3;1
"676";690;"40";"Landes";1987;19,5;2,3;1
"677";691;"40";"Landes";1988;16,6;2,3;0,9
"678";692;"40";"Landes";1989;17,1;2,4;0,9
"679";693;"40";"Landes";1990;17,7;2,4;0,9
"680";694;"40";"Landes";1991;18,3;2,4;0,9
"681";695;"40";"Landes";1992;19,1;2,4;0,9
"682";696;"40";"Landes";1993;17,8;2,4;0,9
"683";697;"40";"Landes";1994;16,8;2,3;0,8
"684";698;"40";"Landes";1995;17;2,4;0,8
"685";699;"40";"Landes";1996;16,8;2,3;0,8
"686";700;"40";"Landes";1997;12,7;2;0,8
"687";701;"40";"Landes";1998;9,6;1,9;0,7
"688";702;"40";"Landes";1999;9,2;1,9;0,8
"689";703;"40";"Landes";2000;8,5;1,8;0,7
"690";704;"40";"Landes";2001;8;1,7;0,7
"691";705;"40";"Landes";2002;7,4;1,6;0,6
"692";706;"40";"Landes";2003;7,7;1,7;0,7
"693";707;"40";"Landes";2004;5,5;1,3;0,6
"694";708;"40";"Landes";2005;6,9;1,5;0,6
"695";709;"40";"Landes";2006;6,1;1,4;0,6
"696";710;"40";"Landes";2007;5,7;1,2;0,5
"697";711;"40";"Landes";2008;8,6;1,6;0,5
"698";712;"40";"Landes";2009;7,5;1,7;0,5
"699";713;"40";"Landes";2010;8;1,9;0,5
"700";714;"40";"Landes";2011;8,9;2,1;0,5
"701";715;"40";"Landes";2012;8,3;2;0,5
"702";716;"40";"Landes";2013;7,5;1,8;0,5
"703";717;"40";"Landes";2014;6,2;1,7;0,4
"704";718;"40";"Landes";2015;8;2;0,4
"705";719;"40";"Landes";2016;8,1;2;0,4
"706";721;"46";"Lot";1970;6,2;1;0,8
"707";722;"46";"Lot";1971;5,9;1;0,8
"708";723;"46";"Lot";1972;5,8;1;0,7
"709";724;"46";"Lot";1973;5,7;1;0,7
"710";725;"46";"Lot";1974;5,7;1;0,8
"711";726;"46";"Lot";1975;5,5;0,9;0,7
"712";727;"46";"Lot";1976;5,4;0,9;0,7
"713";728;"46";"Lot";1977;5,3;0,9;0,7
"714";729;"46";"Lot";1978;5,2;0,9;0,7
"715";730;"46";"Lot";1979;5,1;0,9;0,7
"716";731;"46";"Lot";1980;5,1;0,9;0,7
"717";732;"46";"Lot";1981;5,1;0,9;0,7
"718";733;"46";"Lot";1982;5,1;0,9;0,7
"719";734;"46";"Lot";1983;5,1;0,9;0,7
"720";735;"46";"Lot";1984;5,1;0,9;0,7
"721";736;"46";"Lot";1985;5,1;0,9;0,7
"722";737;"46";"Lot";1986;4,9;0,8;0,7
"723";738;"46";"Lot";1987;5,1;0,9;0,4
"724";739;"46";"Lot";1988;4,5;0,8;0,5
"725";740;"46";"Lot";1989;4,5;0,8;0,8
"726";741;"46";"Lot";1990;4,7;0,8;1,9
"727";742;"46";"Lot";1991;4,7;0,8;0,7
"728";743;"46";"Lot";1992;4,8;0,8;0,6
"729";744;"46";"Lot";1993;4,5;0,8;0,4
"730";745;"46";"Lot";1994;4,2;0,8;0,3
"731";746;"46";"Lot";1995;4,1;0,7;0,3
"732";747;"46";"Lot";1996;4;0,7;0,4
"733";748;"46";"Lot";1997;4,5;0,7;0,3
"734";749;"46";"Lot";1998;4,3;0,7;0,4
"735";750;"46";"Lot";1999;4,1;0,7;0,4
"736";751;"46";"Lot";2000;4,2;0,7;0,3
"737";752;"46";"Lot";2001;3,5;0,5;0,4
"738";753;"46";"Lot";2002;3,5;0,6;0,5
"739";754;"46";"Lot";2003;4;0,6;0,3
"740";755;"46";"Lot";2004;3,6;0,6;0,2
"741";756;"46";"Lot";2005;3,8;0,6;0,3
"742";757;"46";"Lot";2006;3,2;0,5;0,4
"743";758;"46";"Lot";2007;2,7;0,4;0,3
"744";759;"46";"Lot";2008;2,9;0,5;0,2
"745";760;"46";"Lot";2009;3,3;0,6;0,2
"746";761;"46";"Lot";2010;2,8;0,5;0,2
"747";762;"46";"Lot";2011;2,1;0,4;0,2
"748";763;"46";"Lot";2012;2;0,4;0,1
"749";764;"46";"Lot";2013;2,2;0,4;0,1
"750";765;"46";"Lot";2014;2,2;0,4;0,1
"751";766;"46";"Lot";2015;2,4;0,4;0,1
"752";767;"46";"Lot";2016;2,4;0,5;0,2
"753";769;"47";"Lot-et-Garonne";1970;13;2;1
"754";770;"47";"Lot-et-Garonne";1971;13;2;1
"755";771;"47";"Lot-et-Garonne";1972;13;2;1
"756";772;"47";"Lot-et-Garonne";1973;12,8;2;1
"757";773;"47";"Lot-et-Garonne";1974;12,4;1,9;1
"758";774;"47";"Lot-et-Garonne";1975;12,4;1,9;1
"759";775;"47";"Lot-et-Garonne";1976;12,4;1,9;1
"760";776;"47";"Lot-et-Garonne";1977;12;1,9;1
"761";777;"47";"Lot-et-Garonne";1978;9,7;1,4;0,8
"762";778;"47";"Lot-et-Garonne";1979;9,7;1,4;0,8
"763";779;"47";"Lot-et-Garonne";1980;9,5;1,4;0,8
"764";780;"47";"Lot-et-Garonne";1981;9,5;1,4;0,8
"765";781;"47";"Lot-et-Garonne";1982;9,2;1,3;0,8
"766";782;"47";"Lot-et-Garonne";1983;7,9;1,2;0,8
"767";783;"47";"Lot-et-Garonne";1984;8;1,2;0,8
"768";784;"47";"Lot-et-Garonne";1985;6,9;0,9;0,8
"769";785;"47";"Lot-et-Garonne";1986;6,9;0,9;0,8
"770";786;"47";"Lot-et-Garonne";1987;6,7;0,9;0,9
"771";787;"47";"Lot-et-Garonne";1988;4,3;0,4;0,8
"772";788;"47";"Lot-et-Garonne";1989;4,3;0,4;0,8
"773";789;"47";"Lot-et-Garonne";1990;4;0,4;0,5
"774";790;"47";"Lot-et-Garonne";1991;3,8;0,4;0,7
"775";791;"47";"Lot-et-Garonne";1992;3,8;0,3;0,5
"776";792;"47";"Lot-et-Garonne";1993;5,3;0,7;0,6
"777";793;"47";"Lot-et-Garonne";1994;3,8;0,4;0,5
"778";794;"47";"Lot-et-Garonne";1995;4,3;0,4;0,6
"779";795;"47";"Lot-et-Garonne";1996;5,3;0,6;0,7
"780";796;"47";"Lot-et-Garonne";1997;3,4;0,2;0,2
"781";797;"47";"Lot-et-Garonne";1998;3,8;0,3;0,2
"782";798;"47";"Lot-et-Garonne";1999;5,4;0,6;0,3
"783";799;"47";"Lot-et-Garonne";2000;4,1;0,4;0,3
"784";800;"47";"Lot-et-Garonne";2001;5,1;0,6;0,3
"785";801;"47";"Lot-et-Garonne";2002;6,4;0,5;0,3
"786";802;"47";"Lot-et-Garonne";2003;6,7;0,6;0,3
"787";803;"47";"Lot-et-Garonne";2004;6,7;0,5;0,2
"788";804;"47";"Lot-et-Garonne";2005;5,4;0,5;0,3
"789";805;"47";"Lot-et-Garonne";2006;4,8;0,5;0,3
"790";806;"47";"Lot-et-Garonne";2007;5,2;0,6;0,3
"791";807;"47";"Lot-et-Garonne";2008;4,4;0,4;0,2
"792";808;"47";"Lot-et-Garonne";2009;4,6;0,4;0,3
"793";809;"47";"Lot-et-Garonne";2010;5,9;0,5;0,2
"794";810;"47";"Lot-et-Garonne";2011;5;0,4;0,2
"795";811;"47";"Lot-et-Garonne";2012;3,6;0,3;0,2
"796";812;"47";"Lot-et-Garonne";2013;2,5;0,2;0,2
"797";813;"47";"Lot-et-Garonne";2014;2,3;0,1;0,1
"798";814;"47";"Lot-et-Garonne";2015;2,5;0,1;0,1
"799";815;"47";"Lot-et-Garonne";2016;2,7;0,1;0,2
"800";817;"48";"Lozère";1970;4,1;0,6;0,3
"801";818;"48";"Lozère";1971;4,1;0,6;0,3
"802";819;"48";"Lozère";1972;4;0,6;0,3
"803";820;"48";"Lozère";1973;3,7;0,5;0,3
"804";821;"48";"Lozère";1974;3,4;0,5;0,3
"805";822;"48";"Lozère";1975;3;0,4;0,2
"806";823;"48";"Lozère";1976;2,9;0,4;0,2
"807";824;"48";"Lozère";1977;2,8;0,4;0,2
"808";825;"48";"Lozère";1978;2,8;0,4;0,2
"809";826;"48";"Lozère";1979;2,8;0,4;0,2
"810";827;"48";"Lozère";1980;2,6;0,4;0,2
"811";828;"48";"Lozère";1981;2,5;0,4;0,2
"812";829;"48";"Lozère";1982;2,5;0,4;0,2
"813";830;"48";"Lozère";1983;2,5;0,4;0,2
"814";831;"48";"Lozère";1984;2,5;0,4;0,2
"815";832;"48";"Lozère";1985;2,5;0,4;0,2
"816";833;"48";"Lozère";1986;2,4;0,3;0,2
"817";834;"48";"Lozère";1987;2,3;0,4;0,2
"818";835;"48";"Lozère";1988;2,4;0,3;0,2
"819";836;"48";"Lozère";1989;2,1;0,3;0,2
"820";837;"48";"Lozère";1990;2,1;0,3;0,2
"821";838;"48";"Lozère";1991;2,5;0,3;0,3
"822";839;"48";"Lozère";1992;2,3;0,3;0,3
"823";840;"48";"Lozère";1993;2,2;0,3;0,1
"824";841;"48";"Lozère";1994;2;0,3;0,1
"825";842;"48";"Lozère";1995;1,6;0,2;0,1
"826";843;"48";"Lozère";1996;2;0,2;0,1
"827";844;"48";"Lozère";1997;1,6;0,2;0,1
"828";845;"48";"Lozère";1998;2;0,2;0,1
"829";846;"48";"Lozère";1999;1,8;0,2;0,1
"830";847;"48";"Lozère";2000;2;0,2;0,1
"831";848;"48";"Lozère";2001;2,1;0,2;0,1
"832";849;"48";"Lozère";2002;1,8;0,2;0,1
"833";850;"48";"Lozère";2003;1,4;0,1;0,1
"834";851;"48";"Lozère";2004;1,5;0,1;0,1
"835";852;"48";"Lozère";2005;1,6;0,1;0,1
"836";853;"48";"Lozère";2006;2,4;0,2;0,1
"837";854;"48";"Lozère";2007;2;0,1;0,1
"838";855;"48";"Lozère";2008;1,1;0,1;0,1
"839";856;"48";"Lozère";2009;1,2;0,1;0,1
"840";857;"48";"Lozère";2010;1;0,1;0,1
"841";858;"48";"Lozère";2011;1;0,1;0,1
"842";859;"48";"Lozère";2012;1;0,1;0,1
"843";860;"48";"Lozère";2013;1;0,1;0,1
"844";861;"48";"Lozère";2014;1;0,1;0,1
"845";862;"48";"Lozère";2015;1;0,1;0,1
"846";863;"48";"Lozère";2016;1;0,1;0,1
"894";913;"64";"Pyrénées-Atlantiques";1970;33,7;5,5;1,9
"895";914;"64";"Pyrénées-Atlantiques";1971;33,9;5,5;1,9
"896";915;"64";"Pyrénées-Atlantiques";1972;34;5,5;1,9
"897";916;"64";"Pyrénées-Atlantiques";1973;34,1;5,6;2
"898";917;"64";"Pyrénées-Atlantiques";1974;34,3;5,6;2
"899";918;"64";"Pyrénées-Atlantiques";1975;34,1;5,6;2
"900";919;"64";"Pyrénées-Atlantiques";1976;33,8;5,5;2
"901";920;"64";"Pyrénées-Atlantiques";1977;33,4;5,4;2
"902";921;"64";"Pyrénées-Atlantiques";1978;33,3;5,4;2
"903";922;"64";"Pyrénées-Atlantiques";1979;33,4;5,5;2
"904";923;"64";"Pyrénées-Atlantiques";1980;33,5;5,5;2
"905";924;"64";"Pyrénées-Atlantiques";1981;32,9;5,4;1,9
"906";925;"64";"Pyrénées-Atlantiques";1982;25,5;4,2;1,8
"907";926;"64";"Pyrénées-Atlantiques";1983;25,4;4,2;1,8
"908";927;"64";"Pyrénées-Atlantiques";1984;24,8;4,1;1,8
"909";928;"64";"Pyrénées-Atlantiques";1985;24,9;4,2;1,8
"910";929;"64";"Pyrénées-Atlantiques";1986;25;4,2;1,8
"911";930;"64";"Pyrénées-Atlantiques";1987;24;4,2;1,7
"912";931;"64";"Pyrénées-Atlantiques";1988;23,6;4,2;1,7
"913";932;"64";"Pyrénées-Atlantiques";1989;23,5;4,1;1,6
"914";933;"64";"Pyrénées-Atlantiques";1990;24,3;4,1;1,6
"915";934;"64";"Pyrénées-Atlantiques";1991;23;3,9;1,6
"916";935;"64";"Pyrénées-Atlantiques";1992;23,4;4;1,6
"917";936;"64";"Pyrénées-Atlantiques";1993;22,8;3,8;1,5
"918";937;"64";"Pyrénées-Atlantiques";1994;22,5;3,8;1,5
"919";938;"64";"Pyrénées-Atlantiques";1995;20,4;3,6;1,4
"920";939;"64";"Pyrénées-Atlantiques";1996;21,1;3,6;1,4
"921";940;"64";"Pyrénées-Atlantiques";1997;20,3;3,6;1,4
"922";941;"64";"Pyrénées-Atlantiques";1998;21,6;3,7;1,4
"923";942;"64";"Pyrénées-Atlantiques";1999;20,4;3,5;1,4
"924";943;"64";"Pyrénées-Atlantiques";2000;20,4;3,5;1,3
"925";944;"64";"Pyrénées-Atlantiques";2001;20;3,4;1,3
"926";945;"64";"Pyrénées-Atlantiques";2002;16,3;3;1,1
"927";946;"64";"Pyrénées-Atlantiques";2003;16,2;3;1,1
"928";947;"64";"Pyrénées-Atlantiques";2004;15,2;3;1,1
"929";948;"64";"Pyrénées-Atlantiques";2005;16,1;3,1;1,1
"930";949;"64";"Pyrénées-Atlantiques";2006;15;3;1,1
"931";950;"64";"Pyrénées-Atlantiques";2007;15,6;3;1
"932";951;"64";"Pyrénées-Atlantiques";2008;15,7;3;1
"933";952;"64";"Pyrénées-Atlantiques";2009;14,1;2,9;0,9
"934";953;"64";"Pyrénées-Atlantiques";2010;13,9;2,8;0,9
"935";954;"64";"Pyrénées-Atlantiques";2011;13,9;2,7;0,9
"936";955;"64";"Pyrénées-Atlantiques";2012;13,3;2,7;0,8
"937";956;"64";"Pyrénées-Atlantiques";2013;12,1;2,5;0,7
"938";957;"64";"Pyrénées-Atlantiques";2014;11,7;2,4;0,7
"939";958;"64";"Pyrénées-Atlantiques";2015;12;2,5;0,7
"940";959;"64";"Pyrénées-Atlantiques";2016;11,6;2,4;0,6
"941";961;"65";"Hautes-Pyrénées";1970;13,7;2,5;0,9
"942";962;"65";"Hautes-Pyrénées";1971;13,7;2,5;0,9
"943";963;"65";"Hautes-Pyrénées";1972;13,7;2,5;0,9
"944";964;"65";"Hautes-Pyrénées";1973;12,4;2,3;0,8
"945";965;"65";"Hautes-Pyrénées";1974;12,3;2,3;0,8
"946";966;"65";"Hautes-Pyrénées";1975;12,2;2,2;0,8
"947";967;"65";"Hautes-Pyrénées";1976;10,6;1,9;0,7
"948";968;"65";"Hautes-Pyrénées";1977;8,7;1,6;0,7
"949";969;"65";"Hautes-Pyrénées";1978;8,6;1,6;0,7
"950";970;"65";"Hautes-Pyrénées";1979;8,3;1,6;0,7
"951";971;"65";"Hautes-Pyrénées";1980;8,2;1,6;0,7
"952";972;"65";"Hautes-Pyrénées";1981;8,1;1,6;0,6
"953";973;"65";"Hautes-Pyrénées";1982;8;1,6;0,6
"954";974;"65";"Hautes-Pyrénées";1983;7,9;1,5;0,6
"955";975;"65";"Hautes-Pyrénées";1984;7,7;1,5;0,6
"956";976;"65";"Hautes-Pyrénées";1985;7,6;1,5;0,6
"957";977;"65";"Hautes-Pyrénées";1986;7,6;1,5;0,6
"958";978;"65";"Hautes-Pyrénées";1987;7,8;1,5;0,6
"959";979;"65";"Hautes-Pyrénées";1988;5,7;1,2;0,5
"960";980;"65";"Hautes-Pyrénées";1989;5,4;1,2;0,6
"961";981;"65";"Hautes-Pyrénées";1990;5,1;1,2;0,4
"962";982;"65";"Hautes-Pyrénées";1991;5,1;1,1;0,4
"963";983;"65";"Hautes-Pyrénées";1992;4,9;1,1;0,4
"964";984;"65";"Hautes-Pyrénées";1993;4,3;1;0,4
"965";985;"65";"Hautes-Pyrénées";1994;6,1;1,3;0,4
"966";986;"65";"Hautes-Pyrénées";1995;5,5;1,2;0,4
"967";987;"65";"Hautes-Pyrénées";1996;6;1,3;0,5
"968";988;"65";"Hautes-Pyrénées";1997;6;1,2;0,4
"969";989;"65";"Hautes-Pyrénées";1998;4,1;0,9;0,3
"970";990;"65";"Hautes-Pyrénées";1999;5,9;1,2;0,4
"971";991;"65";"Hautes-Pyrénées";2000;5,1;1,1;0,3
"972";992;"65";"Hautes-Pyrénées";2001;4,9;1,1;0,3
"973";993;"65";"Hautes-Pyrénées";2002;4,2;0,9;0,3
"974";994;"65";"Hautes-Pyrénées";2003;5,7;1,2;0,3
"975";995;"65";"Hautes-Pyrénées";2004;4,7;1;0,3
"976";996;"65";"Hautes-Pyrénées";2005;5,7;1,2;0,3
"977";997;"65";"Hautes-Pyrénées";2006;5,2;1,2;0,3
"978";998;"65";"Hautes-Pyrénées";2007;6;1,3;0,3
"979";999;"65";"Hautes-Pyrénées";2008;5,4;1,1;0,2
"980";1000;"65";"Hautes-Pyrénées";2009;4,7;1;0,2
"981";1001;"65";"Hautes-Pyrénées";2010;4,4;1;0,2
"982";1002;"65";"Hautes-Pyrénées";2011;5,3;1,1;0,2
"983";1003;"65";"Hautes-Pyrénées";2012;4,1;0,9;0,2
"984";1004;"65";"Hautes-Pyrénées";2013;3,5;0,8;0,2
"985";1005;"65";"Hautes-Pyrénées";2014;3,9;0,8;0,2
"986";1006;"65";"Hautes-Pyrénées";2015;3,9;0,8;0,1
"987";1007;"65";"Hautes-Pyrénées";2016;3,8;0,8;0,1
"1035";1057;"81";"Tarn";1970;20,5;3,3;1
"1036";1058;"81";"Tarn";1971;20,6;3,4;1
"1037";1059;"81";"Tarn";1972;20,6;3,4;1
"1038";1060;"81";"Tarn";1973;20,7;3,4;1
"1039";1061;"81";"Tarn";1974;20,6;3,4;1
"1040";1062;"81";"Tarn";1975;20,7;3,4;1
"1041";1063;"81";"Tarn";1976;20,6;3,4;1
"1042";1064;"81";"Tarn";1977;20,5;3,4;1
"1043";1065;"81";"Tarn";1978;20,5;3,4;1
"1044";1066;"81";"Tarn";1979;18,4;3,1;1
"1045";1067;"81";"Tarn";1980;18,4;3;1
"1046";1068;"81";"Tarn";1981;18,4;3;1
"1047";1069;"81";"Tarn";1982;18,3;3;1
"1048";1070;"81";"Tarn";1983;18,3;3;1
"1049";1071;"81";"Tarn";1984;18,3;3;1
"1050";1072;"81";"Tarn";1985;18,3;3;1
"1051";1073;"81";"Tarn";1986;18,2;3;1
"1052";1074;"81";"Tarn";1987;18,7;2,9;1
"1053";1075;"81";"Tarn";1988;17,9;2,8;0,9
"1054";1076;"81";"Tarn";1989;20,5;3,2;0,9
"1055";1077;"81";"Tarn";1990;20,6;3,2;0,9
"1056";1078;"81";"Tarn";1991;8,3;1,2;0,3
"1057";1079;"81";"Tarn";1992;6,9;1,1;0,3
"1058";1080;"81";"Tarn";1993;3,7;0,8;0,2
"1059";1081;"81";"Tarn";1994;6,2;0,5;0,3
"1060";1082;"81";"Tarn";1995;5,7;0,6;0,4
"1061";1083;"81";"Tarn";1996;7,7;1;0,5
"1062";1084;"81";"Tarn";1997;8,7;1,2;0,5
"1063";1085;"81";"Tarn";1998;6,5;1,3;0,5
"1064";1086;"81";"Tarn";1999;3,8;1,2;0,4
"1065";1087;"81";"Tarn";2000;3,8;0,9;0,3
"1066";1088;"81";"Tarn";2001;5,4;1,4;0,4
"1067";1089;"81";"Tarn";2002;5,3;1,6;0,4
"1068";1090;"81";"Tarn";2003;6,2;1,8;0,4
"1069";1091;"81";"Tarn";2004;7,2;2;0,5
"1070";1092;"81";"Tarn";2005;8;2;0,5
"1071";1093;"81";"Tarn";2006;7,5;1,6;0,5
"1072";1094;"81";"Tarn";2007;7,6;1,5;0,4
"1073";1095;"81";"Tarn";2008;8,1;1,4;0,5
"1074";1096;"81";"Tarn";2009;7,1;1,4;0,5
"1075";1097;"81";"Tarn";2010;6,7;1,1;0,4
"1076";1098;"81";"Tarn";2011;5,9;1,1;0,3
"1077";1099;"81";"Tarn";2012;4,3;0,8;0,3
"1078";1100;"81";"Tarn";2013;4,2;0,8;0,3
"1079";1101;"81";"Tarn";2014;4,3;0,8;0,3
"1080";1102;"81";"Tarn";2015;3,8;1;0,2
"1081";1103;"81";"Tarn";2016;4,1;1,2;0,3
"1082";1105;"82";"Tarn-et-Garonne";1970;8,4;1,3;0,5
"1083";1106;"82";"Tarn-et-Garonne";1971;8,4;1,3;0,5
"1084";1107;"82";"Tarn-et-Garonne";1972;7,8;1,2;0,4
"1085";1108;"82";"Tarn-et-Garonne";1973;7,8;1,2;0,4
"1086";1109;"82";"Tarn-et-Garonne";1974;7,2;1,1;0,4
"1087";1110;"82";"Tarn-et-Garonne";1975;7,2;1,1;0,4
"1088";1111;"82";"Tarn-et-Garonne";1976;7,3;1,1;0,4
"1089";1112;"82";"Tarn-et-Garonne";1977;7,2;1;0,4
"1090";1113;"82";"Tarn-et-Garonne";1978;7,2;1,1;0,4
"1091";1114;"82";"Tarn-et-Garonne";1979;7,2;1,1;0,4
"1092";1115;"82";"Tarn-et-Garonne";1980;7;1;0,4
"1093";1116;"82";"Tarn-et-Garonne";1981;7;1;0,4
"1094";1117;"82";"Tarn-et-Garonne";1982;6,9;1;0,4
"1095";1118;"82";"Tarn-et-Garonne";1983;6,9;1;0,4
"1096";1119;"82";"Tarn-et-Garonne";1984;7;1;0,4
"1097";1120;"82";"Tarn-et-Garonne";1985;7;1;0,4
"1098";1121;"82";"Tarn-et-Garonne";1986;7;1;0,4
"1099";1122;"82";"Tarn-et-Garonne";1987;6,9;1,1;0,4
"1100";1123;"82";"Tarn-et-Garonne";1988;6,8;1,1;0,4
"1101";1124;"82";"Tarn-et-Garonne";1989;6,9;1,1;0,4
"1102";1125;"82";"Tarn-et-Garonne";1990;7,2;1,1;0,4
"1103";1126;"82";"Tarn-et-Garonne";1991;5,6;0,9;0,3
"1104";1127;"82";"Tarn-et-Garonne";1992;6;0,9;0,3
"1105";1128;"82";"Tarn-et-Garonne";1993;6,2;0,9;0,3
"1106";1129;"82";"Tarn-et-Garonne";1994;5,4;0,8;0,3
"1107";1130;"82";"Tarn-et-Garonne";1995;5,3;0,7;0,3
"1108";1131;"82";"Tarn-et-Garonne";1996;4,8;0,7;0,3
"1109";1132;"82";"Tarn-et-Garonne";1997;4,9;0,7;0,3
"1110";1133;"82";"Tarn-et-Garonne";1998;4,6;0,6;0,3
"1111";1134;"82";"Tarn-et-Garonne";1999;6;0,8;0,3
"1112";1135;"82";"Tarn-et-Garonne";2000;4,6;0,7;0,2
"1113";1136;"82";"Tarn-et-Garonne";2001;3,5;0,5;0,2
"1114";1137;"82";"Tarn-et-Garonne";2002;3,9;0,6;0,2
"1115";1138;"82";"Tarn-et-Garonne";2003;3,2;0,6;0,2
"1116";1139;"82";"Tarn-et-Garonne";2004;2,5;0,5;0,2
"1117";1140;"82";"Tarn-et-Garonne";2005;2,6;0,5;0,2
"1118";1141;"82";"Tarn-et-Garonne";2006;4;0,6;0,2
"1119";1142;"82";"Tarn-et-Garonne";2007;3,9;0,6;0,2
"1120";1143;"82";"Tarn-et-Garonne";2008;2,9;0,5;0,1
"1121";1144;"82";"Tarn-et-Garonne";2009;1,9;0,4;0,1
"1122";1145;"82";"Tarn-et-Garonne";2010;1,5;0,4;0,1
"1123";1146;"82";"Tarn-et-Garonne";2011;1,6;0,4;0,1
"1124";1147;"82";"Tarn-et-Garonne";2012;1,6;0,4;0,1
"1125";1148;"82";"Tarn-et-Garonne";2013;3;0,6;0,1
"1126";1149;"82";"Tarn-et-Garonne";2014;2,8;0,6;0,1
"1127";1150;"82";"Tarn-et-Garonne";2015;2,5;0,5;0,1
"1128";1151;"82";"Tarn-et-Garonne";2016;3,1;0,6;0,1
"1223";1249;"FRF_ADOU";"Adour";1970;52,6;8,7;3
"1224";1250;"FRF_ADOU";"Adour";1971;52,7;8,7;3
"1225";1251;"FRF_ADOU";"Adour";1972;52,8;8,8;3
"1226";1252;"FRF_ADOU";"Adour";1973;51,7;8,6;3
"1227";1253;"FRF_ADOU";"Adour";1974;51,6;8,6;3
"1228";1254;"FRF_ADOU";"Adour";1975;50,5;8,5;3
"1229";1255;"FRF_ADOU";"Adour";1976;48,8;8,1;2,9
"1230";1256;"FRF_ADOU";"Adour";1977;46,8;7,8;2,9
"1231";1257;"FRF_ADOU";"Adour";1978;46,5;7,8;2,9
"1232";1258;"FRF_ADOU";"Adour";1979;46,3;7,8;2,9
"1233";1259;"FRF_ADOU";"Adour";1980;45,9;7,7;2,9
"1234";1260;"FRF_ADOU";"Adour";1981;45,1;7,6;2,8
"1235";1261;"FRF_ADOU";"Adour";1982;38,2;6,5;2,6
"1236";1262;"FRF_ADOU";"Adour";1983;37,9;6,5;2,6
"1237";1263;"FRF_ADOU";"Adour";1984;37,8;6,5;2,6
"1238";1264;"FRF_ADOU";"Adour";1985;37,8;6,5;2,6
"1239";1265;"FRF_ADOU";"Adour";1986;37,4;6,5;2,6
"1240";1266;"FRF_ADOU";"Adour";1987;36,8;6,5;2,6
"1241";1267;"FRF_ADOU";"Adour";1988;34,4;6,2;2,4
"1242";1268;"FRF_ADOU";"Adour";1989;34,2;6,1;2,4
"1243";1269;"FRF_ADOU";"Adour";1990;34,5;6,1;2,3
"1244";1270;"FRF_ADOU";"Adour";1991;33,4;5,9;2,2
"1245";1271;"FRF_ADOU";"Adour";1992;33;5,8;2,2
"1246";1272;"FRF_ADOU";"Adour";1993;32;5,6;2,1
"1247";1273;"FRF_ADOU";"Adour";1994;32,5;5,8;2,1
"1248";1274;"FRF_ADOU";"Adour";1995;30;5,5;2
"1249";1275;"FRF_ADOU";"Adour";1996;30;5,4;2
"1250";1276;"FRF_ADOU";"Adour";1997;29;5,2;1,9
"1251";1277;"FRF_ADOU";"Adour";1998;27,7;4,9;1,7
"1252";1278;"FRF_ADOU";"Adour";1999;28;5;1,8
"1253";1279;"FRF_ADOU";"Adour";2000;26,8;4,8;1,7
"1254";1280;"FRF_ADOU";"Adour";2001;26,6;4,8;1,6
"1255";1281;"FRF_ADOU";"Adour";2002;22,1;4,2;1,5
"1256";1282;"FRF_ADOU";"Adour";2003;23,4;4,5;1,5
"1257";1283;"FRF_ADOU";"Adour";2004;21,9;4,3;1,4
"1258";1284;"FRF_ADOU";"Adour";2005;24,2;4,6;1,5
"1259";1285;"FRF_ADOU";"Adour";2006;22,4;4,4;1,4
"1260";1286;"FRF_ADOU";"Adour";2007;22,3;4,4;1,4
"1261";1287;"FRF_ADOU";"Adour";2008;24,4;4,4;1,2
"1262";1288;"FRF_ADOU";"Adour";2009;21,6;4,4;1,2
"1263";1289;"FRF_ADOU";"Adour";2010;22,2;4,5;1,2
"1264";1290;"FRF_ADOU";"Adour";2011;22,3;4,6;1,1
"1265";1291;"FRF_ADOU";"Adour";2012;20;4,3;1
"1266";1292;"FRF_ADOU";"Adour";2013;19,2;4,1;1
"1267";1293;"FRF_ADOU";"Adour";2014;17,9;3,8;0,9
"1268";1294;"FRF_ADOU";"Adour";2015;18,8;4;0,9
"1269";1295;"FRF_ADOU";"Adour";2016;18,9;4;0,9
"1270";1297;"FRF_CHAR";"Charente";1970;22,6;3,9;1,4
"1271";1298;"FRF_CHAR";"Charente";1971;21,7;3,7;1,4
"1272";1299;"FRF_CHAR";"Charente";1972;21,5;3,7;1,4
"1273";1300;"FRF_CHAR";"Charente";1973;21,1;3,6;1,4
"1274";1301;"FRF_CHAR";"Charente";1974;21;3,6;1,4
"1275";1302;"FRF_CHAR";"Charente";1975;20,4;3,5;1,4
"1276";1303;"FRF_CHAR";"Charente";1976;20,1;3,5;1,4
"1277";1304;"FRF_CHAR";"Charente";1977;19;3,3;1,3
"1278";1305;"FRF_CHAR";"Charente";1978;18,7;3,2;1,3
"1279";1306;"FRF_CHAR";"Charente";1979;18,5;3,2;1,3
"1280";1307;"FRF_CHAR";"Charente";1980;18,5;3,2;1,3
"1281";1308;"FRF_CHAR";"Charente";1981;18,3;3,2;1,3
"1282";1309;"FRF_CHAR";"Charente";1982;16,8;2,9;1,2
"1283";1310;"FRF_CHAR";"Charente";1983;16,7;2,9;1,2
"1284";1311;"FRF_CHAR";"Charente";1984;16,6;2,9;1,2
"1285";1312;"FRF_CHAR";"Charente";1985;16,5;2,8;1,2
"1286";1313;"FRF_CHAR";"Charente";1986;16,5;2,8;1,2
"1287";1314;"FRF_CHAR";"Charente";1987;17,1;2,8;1,2
"1288";1315;"FRF_CHAR";"Charente";1988;17,1;2,8;1,2
"1289";1316;"FRF_CHAR";"Charente";1989;17,9;2,8;1,1
"1290";1317;"FRF_CHAR";"Charente";1990;16,6;2,8;1,1
"1291";1318;"FRF_CHAR";"Charente";1991;16,5;2,8;1,1
"1292";1319;"FRF_CHAR";"Charente";1992;14,9;2,6;1
"1293";1320;"FRF_CHAR";"Charente";1993;14,4;2,5;0,9
"1294";1321;"FRF_CHAR";"Charente";1994;14,3;2,4;0,9
"1295";1322;"FRF_CHAR";"Charente";1995;14,3;2,3;0,9
"1296";1323;"FRF_CHAR";"Charente";1996;12,4;1,9;0,7
"1297";1324;"FRF_CHAR";"Charente";1997;10,7;1,6;0,6
"1298";1325;"FRF_CHAR";"Charente";1998;11;1,7;0,6
"1299";1326;"FRF_CHAR";"Charente";1999;10;1,5;0,6
"1300";1327;"FRF_CHAR";"Charente";2000;8,8;1,3;0,6
"1301";1328;"FRF_CHAR";"Charente";2001;8,6;1,3;0,6
"1302";1329;"FRF_CHAR";"Charente";2002;7,9;1,4;0,5
"1303";1330;"FRF_CHAR";"Charente";2003;8,5;1,4;0,5
"1304";1331;"FRF_CHAR";"Charente";2004;6,6;1,1;0,5
"1305";1332;"FRF_CHAR";"Charente";2005;6,1;1;0,4
"1306";1333;"FRF_CHAR";"Charente";2006;6,2;1;0,4
"1307";1334;"FRF_CHAR";"Charente";2007;7,6;1,4;0,5
"1308";1335;"FRF_CHAR";"Charente";2008;6,6;1,3;0,4
"1309";1336;"FRF_CHAR";"Charente";2009;5,8;1,1;0,4
"1310";1337;"FRF_CHAR";"Charente";2010;7;1,3;0,4
"1311";1338;"FRF_CHAR";"Charente";2011;7,9;1,5;0,4
"1312";1339;"FRF_CHAR";"Charente";2012;7;1,3;0,3
"1313";1340;"FRF_CHAR";"Charente";2013;6,5;1,2;0,3
"1314";1341;"FRF_CHAR";"Charente";2014;6,3;1,3;0,3
"1315";1342;"FRF_CHAR";"Charente";2015;6,8;1,3;0,3
"1316";1343;"FRF_CHAR";"Charente";2016;7,7;1,5;0,3
"1317";1345;"FRF_DORD";"Dordogne";1970;47,2;7;2,8
"1318";1346;"FRF_DORD";"Dordogne";1971;46,8;6,9;2,8
"1319";1347;"FRF_DORD";"Dordogne";1972;46,3;6,8;2,8
"1320";1348;"FRF_DORD";"Dordogne";1973;45,9;6,8;2,8
"1321";1349;"FRF_DORD";"Dordogne";1974;45,5;6,7;2,8
"1322";1350;"FRF_DORD";"Dordogne";1975;42;6,1;2,6
"1323";1351;"FRF_DORD";"Dordogne";1976;41,7;6;2,6
"1324";1352;"FRF_DORD";"Dordogne";1977;41,3;6;2,6
"1325";1353;"FRF_DORD";"Dordogne";1978;40,6;5,9;2,6
"1326";1354;"FRF_DORD";"Dordogne";1979;38,9;5,6;2,6
"1327";1355;"FRF_DORD";"Dordogne";1980;36,9;5,3;2,5
"1328";1356;"FRF_DORD";"Dordogne";1981;36,9;5,3;2,5
"1329";1357;"FRF_DORD";"Dordogne";1982;36,4;5,3;2,5
"1330";1358;"FRF_DORD";"Dordogne";1983;35,7;5,2;2,5
"1331";1359;"FRF_DORD";"Dordogne";1984;35,3;5,1;2,4
"1332";1360;"FRF_DORD";"Dordogne";1985;35,1;5,1;2,4
"1333";1361;"FRF_DORD";"Dordogne";1986;34,6;5;2,4
"1334";1362;"FRF_DORD";"Dordogne";1987;32,7;5,2;2,1
"1335";1363;"FRF_DORD";"Dordogne";1988;31,3;4,9;2,2
"1336";1364;"FRF_DORD";"Dordogne";1989;31,3;4,8;2,4
"1337";1365;"FRF_DORD";"Dordogne";1990;32;4,7;3,4
"1338";1366;"FRF_DORD";"Dordogne";1991;35;4,8;2,2
"1339";1367;"FRF_DORD";"Dordogne";1992;34,1;4,7;2,1
"1340";1368;"FRF_DORD";"Dordogne";1993;27,8;4;1,6
"1341";1369;"FRF_DORD";"Dordogne";1994;26,4;3,7;1,5
"1342";1370;"FRF_DORD";"Dordogne";1995;24,9;3,7;1,5
"1343";1371;"FRF_DORD";"Dordogne";1996;22,6;3,3;1,4
"1344";1372;"FRF_DORD";"Dordogne";1997;24,1;3,6;1,4
"1345";1373;"FRF_DORD";"Dordogne";1998;24,1;3,5;1,5
"1346";1374;"FRF_DORD";"Dordogne";1999;24,4;3,6;1,5
"1347";1375;"FRF_DORD";"Dordogne";2000;22,2;3,3;1,3
"1348";1376;"FRF_DORD";"Dordogne";2001;22;3,3;1,4
"1349";1377;"FRF_DORD";"Dordogne";2002;19,4;3;1,3
"1350";1378;"FRF_DORD";"Dordogne";2003;20,5;3;1,1
"1351";1379;"FRF_DORD";"Dordogne";2004;20;2,7;1
"1352";1380;"FRF_DORD";"Dordogne";2005;20,7;2,8;1
"1353";1381;"FRF_DORD";"Dordogne";2006;17,7;2,3;1
"1354";1382;"FRF_DORD";"Dordogne";2007;16,2;2,2;0,9
"1355";1383;"FRF_DORD";"Dordogne";2008;19,5;2,6;0,8
"1356";1384;"FRF_DORD";"Dordogne";2009;15,7;2,4;0,7
"1357";1385;"FRF_DORD";"Dordogne";2010;15,9;2,5;0,7
"1358";1386;"FRF_DORD";"Dordogne";2011;16,7;2,5;0,7
"1359";1387;"FRF_DORD";"Dordogne";2012;14,5;2,3;0,6
"1360";1388;"FRF_DORD";"Dordogne";2013;11,8;2;0,6
"1361";1389;"FRF_DORD";"Dordogne";2014;13,6;2,3;0,6
"1362";1390;"FRF_DORD";"Dordogne";2015;14,3;2,2;0,6
"1363";1391;"FRF_DORD";"Dordogne";2016;14,9;2,1;0,7
"1364";1393;"FRF_GARO";"Garonne";1970;112,9;17,9;7,6
"1365";1394;"FRF_GARO";"Garonne";1971;111,9;17,8;7,6
"1366";1395;"FRF_GARO";"Garonne";1972;111,6;17,8;7,6
"1367";1396;"FRF_GARO";"Garonne";1973;109,5;17,4;7,5
"1368";1397;"FRF_GARO";"Garonne";1974;97,9;15,7;7,3
"1369";1398;"FRF_GARO";"Garonne";1975;97,8;15,7;7,3
"1370";1399;"FRF_GARO";"Garonne";1976;96,7;15,6;7,3
"1371";1400;"FRF_GARO";"Garonne";1977;95,9;15,5;7,3
"1372";1401;"FRF_GARO";"Garonne";1978;95,2;15,4;7,3
"1373";1402;"FRF_GARO";"Garonne";1979;93,4;15,1;7,2
"1374";1403;"FRF_GARO";"Garonne";1980;92,1;14,9;7,2
"1375";1404;"FRF_GARO";"Garonne";1981;92,2;14,9;7,2
"1376";1405;"FRF_GARO";"Garonne";1982;92,2;15;7,2
"1377";1406;"FRF_GARO";"Garonne";1983;91;14,8;7,2
"1378";1407;"FRF_GARO";"Garonne";1984;91,7;15;7,3
"1379";1408;"FRF_GARO";"Garonne";1985;91;14,9;7,3
"1380";1409;"FRF_GARO";"Garonne";1986;91,6;15;7,4
"1381";1410;"FRF_GARO";"Garonne";1987;93,2;15,3;8
"1382";1411;"FRF_GARO";"Garonne";1988;92,6;15;7,5
"1383";1412;"FRF_GARO";"Garonne";1989;80,6;13,4;7,4
"1384";1413;"FRF_GARO";"Garonne";1990;78,5;13,3;7,1
"1385";1414;"FRF_GARO";"Garonne";1991;80,9;13,5;7,1
"1386";1415;"FRF_GARO";"Garonne";1992;80,2;13,7;6,8
"1387";1416;"FRF_GARO";"Garonne";1993;78,2;13,6;6,8
"1388";1417;"FRF_GARO";"Garonne";1994;73,3;13,1;6,6
"1389";1418;"FRF_GARO";"Garonne";1995;70,3;12,6;5,5
"1390";1419;"FRF_GARO";"Garonne";1996;73,2;12,9;5,5
"1391";1420;"FRF_GARO";"Garonne";1997;70,9;12,3;4,9
"1392";1421;"FRF_GARO";"Garonne";1998;69,6;12;4,7
"1393";1422;"FRF_GARO";"Garonne";1999;68,9;12,1;4,7
"1394";1423;"FRF_GARO";"Garonne";2000;62,5;11,1;4,5
"1395";1424;"FRF_GARO";"Garonne";2001;67,4;11,5;4,4
"1396";1425;"FRF_GARO";"Garonne";2002;67,4;11,6;4,4
"1397";1426;"FRF_GARO";"Garonne";2003;62,3;11;4,1
"1398";1427;"FRF_GARO";"Garonne";2004;57,9;10,4;3,9
"1399";1428;"FRF_GARO";"Garonne";2005;55,2;10,5;4
"1400";1429;"FRF_GARO";"Garonne";2006;57;10,8;3,9
"1401";1430;"FRF_GARO";"Garonne";2007;55,5;10,7;3,9
"1402";1431;"FRF_GARO";"Garonne";2008;48,5;9,9;3,5
"1403";1432;"FRF_GARO";"Garonne";2009;48,7;10,4;3,4
"1404";1433;"FRF_GARO";"Garonne";2010;47,8;10,4;3,2
"1405";1434;"FRF_GARO";"Garonne";2011;51;10,8;3,2
"1406";1435;"FRF_GARO";"Garonne";2012;44,3;9,8;3
"1407";1436;"FRF_GARO";"Garonne";2013;43,4;9,8;2,8
"1408";1437;"FRF_GARO";"Garonne";2014;40,1;9,3;2,7
"1409";1438;"FRF_GARO";"Garonne";2015;42,2;9,5;2,6
"1410";1439;"FRF_GARO";"Garonne";2016;44;9,5;2,8
"1411";1441;"FRF_LITT";"Littoral";1970;34,4;5,3;1,9
"1412";1442;"FRF_LITT";"Littoral";1971;33,7;5,2;1,9
"1413";1443;"FRF_LITT";"Littoral";1972;33,8;5,2;1,9
"1414";1444;"FRF_LITT";"Littoral";1973;33,2;5,2;1,9
"1415";1445;"FRF_LITT";"Littoral";1974;32,7;5,1;1,9
"1416";1446;"FRF_LITT";"Littoral";1975;29,8;4,6;1,8
"1417";1447;"FRF_LITT";"Littoral";1976;24,7;3,7;1,5
"1418";1448;"FRF_LITT";"Littoral";1977;21,4;3,4;1,3
"1419";1449;"FRF_LITT";"Littoral";1978;21,1;3,4;1,3
"1420";1450;"FRF_LITT";"Littoral";1979;20,6;3,4;1,3
"1421";1451;"FRF_LITT";"Littoral";1980;20,6;3,4;1,3
"1422";1452;"FRF_LITT";"Littoral";1981;18,7;3,3;1,2
"1423";1453;"FRF_LITT";"Littoral";1982;17;2,9;1,1
"1424";1454;"FRF_LITT";"Littoral";1983;17,1;3;1,1
"1425";1455;"FRF_LITT";"Littoral";1984;16,4;2,9;1,1
"1426";1456;"FRF_LITT";"Littoral";1985;16,6;2,9;1,1
"1427";1457;"FRF_LITT";"Littoral";1986;15,4;2,7;1,1
"1428";1458;"FRF_LITT";"Littoral";1987;17,1;2,7;1,1
"1429";1459;"FRF_LITT";"Littoral";1988;14;2,7;1,1
"1430";1460;"FRF_LITT";"Littoral";1989;14,6;2,8;1,1
"1431";1461;"FRF_LITT";"Littoral";1990;15,6;2,8;1,1
"1432";1462;"FRF_LITT";"Littoral";1991;16;2,8;1,1
"1433";1463;"FRF_LITT";"Littoral";1992;17,4;2,9;1,1
"1434";1464;"FRF_LITT";"Littoral";1993;18,3;3,3;1,2
"1435";1465;"FRF_LITT";"Littoral";1994;17,6;3,2;1,1
"1436";1466;"FRF_LITT";"Littoral";1995;19,4;3,7;1,2
"1437";1467;"FRF_LITT";"Littoral";1996;20,4;3,8;1,2
"1438";1468;"FRF_LITT";"Littoral";1997;16,9;3,7;1,2
"1439";1469;"FRF_LITT";"Littoral";1998;16,1;3,9;1,2
"1440";1470;"FRF_LITT";"Littoral";1999;14,7;3,7;1,2
"1441";1471;"FRF_LITT";"Littoral";2000;14,1;3,7;1,1
"1442";1472;"FRF_LITT";"Littoral";2001;13,3;3,5;1,1
"1443";1473;"FRF_LITT";"Littoral";2002;13,1;3,5;1
"1444";1474;"FRF_LITT";"Littoral";2003;12,9;3,5;1
"1445";1475;"FRF_LITT";"Littoral";2004;11,3;3,2;1
"1446";1476;"FRF_LITT";"Littoral";2005;12,1;3,4;1
"1447";1477;"FRF_LITT";"Littoral";2006;11;3,2;0,9
"1448";1478;"FRF_LITT";"Littoral";2007;11,3;2,8;1,1
"1449";1479;"FRF_LITT";"Littoral";2008;11,5;2,9;1,1
"1450";1480;"FRF_LITT";"Littoral";2009;9,9;2,6;1
"1451";1481;"FRF_LITT";"Littoral";2010;10,2;2,7;1
"1452";1482;"FRF_LITT";"Littoral";2011;12;3,1;1
"1453";1483;"FRF_LITT";"Littoral";2012;11,6;3;1
"1454";1484;"FRF_LITT";"Littoral";2013;10;2,8;0,8
"1455";1485;"FRF_LITT";"Littoral";2014;10,9;2,9;0,8
"1456";1486;"FRF_LITT";"Littoral";2015;13,3;3,3;0,8
"1457";1487;"FRF_LITT";"Littoral";2016;12,8;3,3;0,8
"1458";1489;"FRF_LOT";"Lot";1970;15,2;2,5;1
"1459";1490;"FRF_LOT";"Lot";1971;15,3;2,6;1
"1460";1491;"FRF_LOT";"Lot";1972;15,1;2,5;0,9
"1461";1492;"FRF_LOT";"Lot";1973;14,6;2,5;0,9
"1462";1493;"FRF_LOT";"Lot";1974;14,2;2,4;0,9
"1463";1494;"FRF_LOT";"Lot";1975;13,6;2,3;0,9
"1464";1495;"FRF_LOT";"Lot";1976;13,3;2,3;0,9
"1465";1496;"FRF_LOT";"Lot";1977;13,1;2,2;0,9
"1466";1497;"FRF_LOT";"Lot";1978;10,5;1,7;0,7
"1467";1498;"FRF_LOT";"Lot";1979;10,2;1,7;0,7
"1468";1499;"FRF_LOT";"Lot";1980;10;1,7;0,7
"1469";1500;"FRF_LOT";"Lot";1981;9,9;1,6;0,7
"1470";1501;"FRF_LOT";"Lot";1982;9,8;1,6;0,7
"1471";1502;"FRF_LOT";"Lot";1983;9,6;1,6;0,7
"1472";1503;"FRF_LOT";"Lot";1984;9,5;1,6;0,7
"1473";1504;"FRF_LOT";"Lot";1985;8,6;1,4;0,7
"1474";1505;"FRF_LOT";"Lot";1986;8,5;1,4;0,7
"1475";1506;"FRF_LOT";"Lot";1987;8,6;1,4;0,6
"1476";1507;"FRF_LOT";"Lot";1988;8,4;1,4;0,6
"1477";1508;"FRF_LOT";"Lot";1989;7,9;1,3;0,6
"1478";1509;"FRF_LOT";"Lot";1990;8,2;1,3;0,6
"1479";1510;"FRF_LOT";"Lot";1991;7,5;1,2;0,6
"1480";1511;"FRF_LOT";"Lot";1992;7,3;1,2;0,5
"1481";1512;"FRF_LOT";"Lot";1993;7;1,2;0,6
"1482";1513;"FRF_LOT";"Lot";1994;5,9;1;0,5
"1483";1514;"FRF_LOT";"Lot";1995;6,2;1;0,5
"1484";1515;"FRF_LOT";"Lot";1996;6,7;1,2;0,5
"1485";1516;"FRF_LOT";"Lot";1997;6;0,9;0,5
"1486";1517;"FRF_LOT";"Lot";1998;4,5;0,7;0,3
"1487";1518;"FRF_LOT";"Lot";1999;5,7;0,9;0,4
"1488";1519;"FRF_LOT";"Lot";2000;4,4;0,7;0,3
"1489";1520;"FRF_LOT";"Lot";2001;5,2;0,9;0,4
"1490";1521;"FRF_LOT";"Lot";2002;6,2;0,8;0,3
"1491";1522;"FRF_LOT";"Lot";2003;7,2;0,9;0,4
"1492";1523;"FRF_LOT";"Lot";2004;6,7;0,8;0,3
"1493";1524;"FRF_LOT";"Lot";2005;6;0,9;0,4
"1494";1525;"FRF_LOT";"Lot";2006;6,2;1;0,4
"1495";1526;"FRF_LOT";"Lot";2007;5,2;0,8;0,3
"1496";1527;"FRF_LOT";"Lot";2008;5,2;0,8;0,3
"1497";1528;"FRF_LOT";"Lot";2009;5,6;0,9;0,3
"1498";1529;"FRF_LOT";"Lot";2010;6,2;0,9;0,3
"1499";1530;"FRF_LOT";"Lot";2011;6;0,7;0,3
"1500";1531;"FRF_LOT";"Lot";2012;4,3;0,6;0,2
"1501";1532;"FRF_LOT";"Lot";2013;3,6;0,5;0,2
"1502";1533;"FRF_LOT";"Lot";2014;4,3;0,6;0,2
"1503";1534;"FRF_LOT";"Lot";2015;4,5;0,6;0,2
"1504";1535;"FRF_LOT";"Lot";2016;4,4;0,6;0,2
"1505";1537;"FRF_TARN";"Tarn Aveyron";1970;41,7;6,4;2,2
"1506";1538;"FRF_TARN";"Tarn Aveyron";1971;41,8;6,4;2,2
"1507";1539;"FRF_TARN";"Tarn Aveyron";1972;41,2;6,3;2,2
"1508";1540;"FRF_TARN";"Tarn Aveyron";1973;41,3;6,3;2,2
"1509";1541;"FRF_TARN";"Tarn Aveyron";1974;40,7;6,2;2,2
"1510";1542;"FRF_TARN";"Tarn Aveyron";1975;40,6;6,2;2,2
"1511";1543;"FRF_TARN";"Tarn Aveyron";1976;37;5,7;2
"1512";1544;"FRF_TARN";"Tarn Aveyron";1977;36,7;5,7;1,9
"1513";1545;"FRF_TARN";"Tarn Aveyron";1978;36,7;5,7;1,9
"1514";1546;"FRF_TARN";"Tarn Aveyron";1979;34,7;5,4;1,9
"1515";1547;"FRF_TARN";"Tarn Aveyron";1980;34,6;5,3;1,9
"1516";1548;"FRF_TARN";"Tarn Aveyron";1981;34,4;5,3;1,9
"1517";1549;"FRF_TARN";"Tarn Aveyron";1982;28,9;4,4;1,6
"1518";1550;"FRF_TARN";"Tarn Aveyron";1983;28,8;4,3;1,6
"1519";1551;"FRF_TARN";"Tarn Aveyron";1984;28,9;4,4;1,6
"1520";1552;"FRF_TARN";"Tarn Aveyron";1985;28,7;4,3;1,6
"1521";1553;"FRF_TARN";"Tarn Aveyron";1986;28,6;4,3;1,6
"1522";1554;"FRF_TARN";"Tarn Aveyron";1987;30,6;4,3;1,7
"1523";1555;"FRF_TARN";"Tarn Aveyron";1988;28,7;4,2;1,5
"1524";1556;"FRF_TARN";"Tarn Aveyron";1989;30,2;4,4;1,4
"1525";1557;"FRF_TARN";"Tarn Aveyron";1990;31;4,5;1,4
"1526";1558;"FRF_TARN";"Tarn Aveyron";1991;16,7;2,3;0,9
"1527";1559;"FRF_TARN";"Tarn Aveyron";1992;15,3;2,2;0,9
"1528";1560;"FRF_TARN";"Tarn Aveyron";1993;12,3;1,9;0,8
"1529";1561;"FRF_TARN";"Tarn Aveyron";1994;14,6;1,5;0,9
"1530";1562;"FRF_TARN";"Tarn Aveyron";1995;13,1;1,3;0,9
"1531";1563;"FRF_TARN";"Tarn Aveyron";1996;15,7;1,8;1
"1532";1564;"FRF_TARN";"Tarn Aveyron";1997;16,3;1,9;1
"1533";1565;"FRF_TARN";"Tarn Aveyron";1998;13;1,8;0,9
"1534";1566;"FRF_TARN";"Tarn Aveyron";1999;10;1,5;0,7
"1535";1567;"FRF_TARN";"Tarn Aveyron";2000;10,9;1,4;0,7
"1536";1568;"FRF_TARN";"Tarn Aveyron";2001;9,6;1,5;0,7
"1537";1569;"FRF_TARN";"Tarn Aveyron";2002;10,2;1,7;0,7
"1538";1570;"FRF_TARN";"Tarn Aveyron";2003;12;2,3;0,7
"1539";1571;"FRF_TARN";"Tarn Aveyron";2004;12,5;2,4;0,7
"1540";1572;"FRF_TARN";"Tarn Aveyron";2005;13,7;2,5;0,8
"1541";1573;"FRF_TARN";"Tarn Aveyron";2006;15,5;2,3;0,8
"1542";1574;"FRF_TARN";"Tarn Aveyron";2007;15;2,1;0,8
"1543";1575;"FRF_TARN";"Tarn Aveyron";2008;18,4;2,1;0,8
"1544";1576;"FRF_TARN";"Tarn Aveyron";2009;11,8;1,9;0,8
"1545";1577;"FRF_TARN";"Tarn Aveyron";2010;10;1,7;0,6
"1546";1578;"FRF_TARN";"Tarn Aveyron";2011;9;1,6;0,5
"1547";1579;"FRF_TARN";"Tarn Aveyron";2012;8,1;1,5;0,5
"1548";1580;"FRF_TARN";"Tarn Aveyron";2013;9,4;1,6;0,5
"1549";1581;"FRF_TARN";"Tarn Aveyron";2014;9,3;1,5;0,5
"1550";1582;"FRF_TARN";"Tarn Aveyron";2015;8,9;1,8;0,5
"1551";1583;"FRF_TARN";"Tarn Aveyron";2016;10,7;2,1;0,6
"1552";1585;"bag";"Bassin Adour-garonne";1970;326,4;51,7;19,9
"1553";1586;"bag";"Bassin Adour-garonne";1971;323,8;51,3;19,9
"1554";1587;"bag";"Bassin Adour-garonne";1972;322,2;51,1;19,9
"1555";1588;"bag";"Bassin Adour-garonne";1973;317,1;50,3;19,7
"1556";1589;"bag";"Bassin Adour-garonne";1974;303,4;48,3;19,5
"1557";1590;"bag";"Bassin Adour-garonne";1975;294,5;46,9;19,1
"1558";1591;"bag";"Bassin Adour-garonne";1976;281,9;44,9;18,5
"1559";1592;"bag";"Bassin Adour-garonne";1977;273,8;43,8;18,2
"1560";1593;"bag";"Bassin Adour-garonne";1978;269,1;43;18,1
"1561";1594;"bag";"Bassin Adour-garonne";1979;262,2;42,1;17,8
"1562";1595;"bag";"Bassin Adour-garonne";1980;258,3;41,5;17,7
"1563";1596;"bag";"Bassin Adour-garonne";1981;255,2;41,2;17,6
"1564";1597;"bag";"Bassin Adour-garonne";1982;238,7;38,5;17
"1565";1598;"bag";"Bassin Adour-garonne";1983;236,2;38,2;17
"1566";1599;"bag";"Bassin Adour-garonne";1984;235,3;38,1;17
"1567";1600;"bag";"Bassin Adour-garonne";1985;233,4;37,8;17
"1568";1601;"bag";"Bassin Adour-garonne";1986;231,7;37,6;17
"1569";1602;"bag";"Bassin Adour-garonne";1987;235,2;38;17,2
"1570";1603;"bag";"Bassin Adour-garonne";1988;225,4;37,1;16,4
"1571";1604;"bag";"Bassin Adour-garonne";1989;215,7;35,4;16,4
"1572";1605;"bag";"Bassin Adour-garonne";1990;215,2;35,3;17,1
"1573";1606;"bag";"Bassin Adour-garonne";1991;204,9;33,3;15,1
"1574";1607;"bag";"Bassin Adour-garonne";1992;201,1;32,9;14,6
"1575";1608;"bag";"Bassin Adour-garonne";1993;188,7;32;13,9
"1576";1609;"bag";"Bassin Adour-garonne";1994;183,4;30,7;13,5
"1577";1610;"bag";"Bassin Adour-garonne";1995;177,1;29,9;12,4
"1578";1611;"bag";"Bassin Adour-garonne";1996;179,6;30;12,3
"1579";1612;"bag";"Bassin Adour-garonne";1997;172,8;29;11,5
"1580";1613;"bag";"Bassin Adour-garonne";1998;164,7;28,1;10,9
"1581";1614;"bag";"Bassin Adour-garonne";1999;160,5;28,1;10,9
"1582";1615;"bag";"Bassin Adour-garonne";2000;148,2;26;10,2
"1583";1616;"bag";"Bassin Adour-garonne";2001;151,2;26,6;10
"1584";1617;"bag";"Bassin Adour-garonne";2002;144,7;26;9,7
"1585";1618;"bag";"Bassin Adour-garonne";2003;144,7;26,4;9,4
"1586";1619;"bag";"Bassin Adour-garonne";2004;135,1;24,6;8,8
"1587";1620;"bag";"Bassin Adour-garonne";2005;136,1;25,4;9
"1588";1621;"bag";"Bassin Adour-garonne";2006;134,1;24,8;9
"1589";1622;"bag";"Bassin Adour-garonne";2007;130,9;24,1;8,8
"1590";1623;"bag";"Bassin Adour-garonne";2008;132,3;23,6;7,9
"1591";1624;"bag";"Bassin Adour-garonne";2009;116,9;23,5;7,7
"1592";1625;"bag";"Bassin Adour-garonne";2010;117,3;23,7;7,3
"1593";1626;"bag";"Bassin Adour-garonne";2011;122,9;24,5;7,2
"1594";1627;"bag";"Bassin Adour-garonne";2012;107,7;22,6;6,7
"1595";1628;"bag";"Bassin Adour-garonne";2013;102;21,8;6,2
"1596";1629;"bag";"Bassin Adour-garonne";2014;100,4;21,3;6
"1597";1630;"bag";"Bassin Adour-garonne";2015;106,8;22,5;5,9
"1598";1631;"bag";"Bassin Adour-garonne";2016;111,5;22,8;6,3
